CREATE DATABASE  IF NOT EXISTS `workersdb` /*!40100 DEFAULT CHARACTER SET utf8mb4 COLLATE utf8mb4_0900_ai_ci */ /*!80016 DEFAULT ENCRYPTION='N' */;
USE `workersdb`;
-- MySQL dump 10.13  Distrib 8.0.31, for Win64 (x86_64)
--
-- Host: localhost    Database: workersdb
-- ------------------------------------------------------
-- Server version	8.0.31

/*!40101 SET @OLD_CHARACTER_SET_CLIENT=@@CHARACTER_SET_CLIENT */;
/*!40101 SET @OLD_CHARACTER_SET_RESULTS=@@CHARACTER_SET_RESULTS */;
/*!40101 SET @OLD_COLLATION_CONNECTION=@@COLLATION_CONNECTION */;
/*!50503 SET NAMES utf8 */;
/*!40103 SET @OLD_TIME_ZONE=@@TIME_ZONE */;
/*!40103 SET TIME_ZONE='+00:00' */;
/*!40014 SET @OLD_UNIQUE_CHECKS=@@UNIQUE_CHECKS, UNIQUE_CHECKS=0 */;
/*!40014 SET @OLD_FOREIGN_KEY_CHECKS=@@FOREIGN_KEY_CHECKS, FOREIGN_KEY_CHECKS=0 */;
/*!40101 SET @OLD_SQL_MODE=@@SQL_MODE, SQL_MODE='NO_AUTO_VALUE_ON_ZERO' */;
/*!40111 SET @OLD_SQL_NOTES=@@SQL_NOTES, SQL_NOTES=0 */;

--
-- Table structure for table `department`
--

DROP TABLE IF EXISTS `department`;
/*!40101 SET @saved_cs_client     = @@character_set_client */;
/*!50503 SET character_set_client = utf8mb4 */;
CREATE TABLE `department` (
  `id` int NOT NULL AUTO_INCREMENT,
  `name` char(30) NOT NULL,
  `phone` char(15) NOT NULL,
  PRIMARY KEY (`id`),
  UNIQUE KEY `name` (`name`),
  UNIQUE KEY `phone` (`phone`)
) ENGINE=InnoDB AUTO_INCREMENT=4 DEFAULT CHARSET=utf8mb4 COLLATE=utf8mb4_0900_ai_ci;
/*!40101 SET character_set_client = @saved_cs_client */;

--
-- Dumping data for table `department`
--

LOCK TABLES `department` WRITE;
/*!40000 ALTER TABLE `department` DISABLE KEYS */;
INSERT INTO `department` VALUES (1,'department1','123456789'),(2,'department2','223456789'),(3,'department3','323456789');
/*!40000 ALTER TABLE `department` ENABLE KEYS */;
UNLOCK TABLES;

--
-- Table structure for table `task`
--

DROP TABLE IF EXISTS `task`;
/*!40101 SET @saved_cs_client     = @@character_set_client */;
/*!50503 SET character_set_client = utf8mb4 */;
CREATE TABLE `task` (
  `id` int NOT NULL AUTO_INCREMENT,
  `description` varchar(50) NOT NULL,
  `workerId` int DEFAULT NULL,
  PRIMARY KEY (`id`),
  KEY `task_ibfk_1` (`workerId`),
  CONSTRAINT `task_ibfk_1` FOREIGN KEY (`workerId`) REFERENCES `workers` (`id`) ON DELETE CASCADE ON UPDATE CASCADE
) ENGINE=InnoDB AUTO_INCREMENT=25 DEFAULT CHARSET=utf8mb4 COLLATE=utf8mb4_0900_ai_ci;
/*!40101 SET character_set_client = @saved_cs_client */;

--
-- Dumping data for table `task`
--

LOCK TABLES `task` WRITE;
/*!40000 ALTER TABLE `task` DISABLE KEYS */;
INSERT INTO `task` VALUES (1,'task_description1',1),(2,'task_description2',1),(3,'task_description3',2),(7,'description',1),(22,'description',1),(23,'description',1),(24,'123321',1);
/*!40000 ALTER TABLE `task` ENABLE KEYS */;
UNLOCK TABLES;

--
-- Table structure for table `workers`
--

DROP TABLE IF EXISTS `workers`;
/*!40101 SET @saved_cs_client     = @@character_set_client */;
/*!50503 SET character_set_client = utf8mb4 */;
CREATE TABLE `workers` (
  `id` int NOT NULL AUTO_INCREMENT,
  `surname` varchar(20) NOT NULL,
  `name` varchar(10) NOT NULL,
  `position` varchar(20) NOT NULL,
  `departmentId` int DEFAULT NULL,
  PRIMARY KEY (`id`),
  KEY `workers_ibfk_1` (`departmentId`),
  CONSTRAINT `workers_ibfk_1` FOREIGN KEY (`departmentId`) REFERENCES `department` (`id`) ON DELETE CASCADE ON UPDATE CASCADE
) ENGINE=InnoDB AUTO_INCREMENT=7 DEFAULT CHARSET=utf8mb4 COLLATE=utf8mb4_0900_ai_ci;
/*!40101 SET character_set_client = @saved_cs_client */;

--
-- Dumping data for table `workers`
--

LOCK TABLES `workers` WRITE;
/*!40000 ALTER TABLE `workers` DISABLE KEYS */;
INSERT INTO `workers` VALUES (1,'surname1','name1','position1',1),(2,'surname2','name2','position2',2),(3,'surname3','name3','position2',2),(4,'surname4','name4','position2',2),(5,'surname5','name5','position2',2);
/*!40000 ALTER TABLE `workers` ENABLE KEYS */;
UNLOCK TABLES;
/*!40103 SET TIME_ZONE=@OLD_TIME_ZONE */;

/*!40101 SET SQL_MODE=@OLD_SQL_MODE */;
/*!40014 SET FOREIGN_KEY_CHECKS=@OLD_FOREIGN_KEY_CHECKS */;
/*!40014 SET UNIQUE_CHECKS=@OLD_UNIQUE_CHECKS */;
/*!40101 SET CHARACTER_SET_CLIENT=@OLD_CHARACTER_SET_CLIENT */;
/*!40101 SET CHARACTER_SET_RESULTS=@OLD_CHARACTER_SET_RESULTS */;
/*!40101 SET COLLATION_CONNECTION=@OLD_COLLATION_CONNECTION */;
/*!40111 SET SQL_NOTES=@OLD_SQL_NOTES */;

-- Dump completed on 2022-12-27  4:09:55
